INSERT OR REPLACE INTO UnitPromotions
		(Type, Description, Help, Sound, CannotBeChosen, CombatPercent, PortraitIndex, IconAtlas, PediaType, PediaEntry)
VALUES	('PROMOTION_SPUE_COMBAT_1',		'TXT_KEY_PROMOTION_SPUE_COMBAT_1',		'TXT_KEY_PROMOTION_SPUE_COMBAT_1_HELP',		'AS2D_IF_LEVELUP', 1, 1,	59,	'ABILITY_ATLAS', 'PEDIA_ATTRIBUTES', 'TXT_KEY_PROMOTION_SPUE_COMBAT_1'),
		('PROMOTION_SPUE_COMBAT_2',		'TXT_KEY_PROMOTION_SPUE_COMBAT_2',		'TXT_KEY_PROMOTION_SPUE_COMBAT_2_HELP',		'AS2D_IF_LEVELUP', 1, 2,	59,	'ABILITY_ATLAS', 'PEDIA_ATTRIBUTES', 'TXT_KEY_PROMOTION_SPUE_COMBAT_2'),
		('PROMOTION_SPUE_COMBAT_4',		'TXT_KEY_PROMOTION_SPUE_COMBAT_4',		'TXT_KEY_PROMOTION_SPUE_COMBAT_4_HELP',		'AS2D_IF_LEVELUP', 1, 4,	59,	'ABILITY_ATLAS', 'PEDIA_ATTRIBUTES', 'TXT_KEY_PROMOTION_SPUE_COMBAT_4'),
		('PROMOTION_SPUE_COMBAT_8',		'TXT_KEY_PROMOTION_SPUE_COMBAT_8',		'TXT_KEY_PROMOTION_SPUE_COMBAT_8_HELP',		'AS2D_IF_LEVELUP', 1, 8,	59,	'ABILITY_ATLAS', 'PEDIA_ATTRIBUTES', 'TXT_KEY_PROMOTION_SPUE_COMBAT_8'),
		('PROMOTION_SPUE_COMBAT_16',	'TXT_KEY_PROMOTION_SPUE_COMBAT_16',		'TXT_KEY_PROMOTION_SPUE_COMBAT_16_HELP',	'AS2D_IF_LEVELUP', 1, 16,	59,	'ABILITY_ATLAS', 'PEDIA_ATTRIBUTES', 'TXT_KEY_PROMOTION_SPUE_COMBAT_16'),
		('PROMOTION_SPUE_COMBAT_32',	'TXT_KEY_PROMOTION_SPUE_COMBAT_32',		'TXT_KEY_PROMOTION_SPUE_COMBAT_32_HELP',	'AS2D_IF_LEVELUP', 1, 32,	59,	'ABILITY_ATLAS', 'PEDIA_ATTRIBUTES', 'TXT_KEY_PROMOTION_SPUE_COMBAT_32'),
		('PROMOTION_SPUE_COMBAT_64',	'TXT_KEY_PROMOTION_SPUE_COMBAT_64',		'TXT_KEY_PROMOTION_SPUE_COMBAT_64_HELP',	'AS2D_IF_LEVELUP', 1, 64,	59,	'ABILITY_ATLAS', 'PEDIA_ATTRIBUTES', 'TXT_KEY_PROMOTION_SPUE_COMBAT_64'),
		('PROMOTION_SPUE_COMBAT_128',	'TXT_KEY_PROMOTION_SPUE_COMBAT_128',	'TXT_KEY_PROMOTION_SPUE_COMBAT_128_HELP',	'AS2D_IF_LEVELUP', 1, 128,	59,	'ABILITY_ATLAS', 'PEDIA_ATTRIBUTES', 'TXT_KEY_PROMOTION_SPUE_COMBAT_128'),
		('PROMOTION_SPUE_COMBAT_256',	'TXT_KEY_PROMOTION_SPUE_COMBAT_256',	'TXT_KEY_PROMOTION_SPUE_COMBAT_256_HELP',	'AS2D_IF_LEVELUP', 1, 256,	59,	'ABILITY_ATLAS', 'PEDIA_ATTRIBUTES', 'TXT_KEY_PROMOTION_SPUE_COMBAT_256'),
		('PROMOTION_SPUE_COMBAT_512',	'TXT_KEY_PROMOTION_SPUE_COMBAT_512',	'TXT_KEY_PROMOTION_SPUE_COMBAT_512_HELP',	'AS2D_IF_LEVELUP', 1, 512,	59,	'ABILITY_ATLAS', 'PEDIA_ATTRIBUTES', 'TXT_KEY_PROMOTION_SPUE_COMBAT_512'),
		('PROMOTION_SPUE_COMBAT_1024',	'TXT_KEY_PROMOTION_SPUE_COMBAT_1024',	'TXT_KEY_PROMOTION_SPUE_COMBAT_1024_HELP',	'AS2D_IF_LEVELUP', 1, 1024, 59,	'ABILITY_ATLAS', 'PEDIA_ATTRIBUTES', 'TXT_KEY_PROMOTION_SPUE_COMBAT_1024'),
		('PROMOTION_SPUE_COMBAT_2048',	'TXT_KEY_PROMOTION_SPUE_COMBAT_2048',	'TXT_KEY_PROMOTION_SPUE_COMBAT_2048_HELP',	'AS2D_IF_LEVELUP', 1, 2048, 59,	'ABILITY_ATLAS', 'PEDIA_ATTRIBUTES', 'TXT_KEY_PROMOTION_SPUE_COMBAT_2048'),
		('PROMOTION_SPUE_COMBAT_4096',	'TXT_KEY_PROMOTION_SPUE_COMBAT_4096',	'TXT_KEY_PROMOTION_SPUE_COMBAT_4096_HELP',	'AS2D_IF_LEVELUP', 1, 4096, 59,	'ABILITY_ATLAS', 'PEDIA_ATTRIBUTES', 'TXT_KEY_PROMOTION_SPUE_COMBAT_4096'),
		('PROMOTION_SPUE_COMBAT_8192',	'TXT_KEY_PROMOTION_SPUE_COMBAT_8192',	'TXT_KEY_PROMOTION_SPUE_COMBAT_8192_HELP',	'AS2D_IF_LEVELUP', 1, 8192, 59,	'ABILITY_ATLAS', 'PEDIA_ATTRIBUTES', 'TXT_KEY_PROMOTION_SPUE_COMBAT_8192');

INSERT OR REPLACE INTO Language_zh_CN
		(Tag, Text)
VALUES	('TXT_KEY_PROMOTION_SPUE_COMBAT_1',		'+1%[ICON_STRENGTH]战斗力'),
		('TXT_KEY_PROMOTION_SPUE_COMBAT_2',		'+2%[ICON_STRENGTH]战斗力'),
		('TXT_KEY_PROMOTION_SPUE_COMBAT_4',		'+4%[ICON_STRENGTH]战斗力'),
		('TXT_KEY_PROMOTION_SPUE_COMBAT_8',		'+8%[ICON_STRENGTH]战斗力'),
		('TXT_KEY_PROMOTION_SPUE_COMBAT_16',	'+16%[ICON_STRENGTH]战斗力'),
		('TXT_KEY_PROMOTION_SPUE_COMBAT_32',	'+32%[ICON_STRENGTH]战斗力'),
		('TXT_KEY_PROMOTION_SPUE_COMBAT_64',	'+64%[ICON_STRENGTH]战斗力'),
		('TXT_KEY_PROMOTION_SPUE_COMBAT_128',	'+128%[ICON_STRENGTH]战斗力'),
		('TXT_KEY_PROMOTION_SPUE_COMBAT_256',	'+256%[ICON_STRENGTH]战斗力'),
		('TXT_KEY_PROMOTION_SPUE_COMBAT_512',	'+512%[ICON_STRENGTH]战斗力'),
		('TXT_KEY_PROMOTION_SPUE_COMBAT_1024',	'+1024%[ICON_STRENGTH]战斗力'),
		('TXT_KEY_PROMOTION_SPUE_COMBAT_2048',	'+2048%[ICON_STRENGTH]战斗力'),
		('TXT_KEY_PROMOTION_SPUE_COMBAT_4096',	'+4096%[ICON_STRENGTH]战斗力'),
		('TXT_KEY_PROMOTION_SPUE_COMBAT_8192',	'+8192%[ICON_STRENGTH]战斗力');

INSERT OR REPLACE INTO Language_zh_CN
		(Tag, Text)
VALUES	('TXT_KEY_PROMOTION_SPUE_COMBAT_1_HELP',	'+1%[ICON_STRENGTH]战斗力。'),
		('TXT_KEY_PROMOTION_SPUE_COMBAT_2_HELP',	'+2%[ICON_STRENGTH]战斗力。'),
		('TXT_KEY_PROMOTION_SPUE_COMBAT_4_HELP',	'+4%[ICON_STRENGTH]战斗力。'),
		('TXT_KEY_PROMOTION_SPUE_COMBAT_8_HELP',	'+8%[ICON_STRENGTH]战斗力。'),
		('TXT_KEY_PROMOTION_SPUE_COMBAT_16_HELP',	'+16%[ICON_STRENGTH]战斗力。'),
		('TXT_KEY_PROMOTION_SPUE_COMBAT_32_HELP',	'+32%[ICON_STRENGTH]战斗力。'),
		('TXT_KEY_PROMOTION_SPUE_COMBAT_64_HELP',	'+64%[ICON_STRENGTH]战斗力。'),
		('TXT_KEY_PROMOTION_SPUE_COMBAT_128_HELP',	'+128%[ICON_STRENGTH]战斗力。'),
		('TXT_KEY_PROMOTION_SPUE_COMBAT_256_HELP',	'+256%[ICON_STRENGTH]战斗力。'),
		('TXT_KEY_PROMOTION_SPUE_COMBAT_512_HELP',	'+512%[ICON_STRENGTH]战斗力。'),
		('TXT_KEY_PROMOTION_SPUE_COMBAT_1024_HELP',	'+1024%[ICON_STRENGTH]战斗力。'),
		('TXT_KEY_PROMOTION_SPUE_COMBAT_2048_HELP',	'+2048%[ICON_STRENGTH]战斗力。'),
		('TXT_KEY_PROMOTION_SPUE_COMBAT_4096_HELP',	'+4096%[ICON_STRENGTH]战斗力。'),
		('TXT_KEY_PROMOTION_SPUE_COMBAT_8192_HELP',	'+8192%[ICON_STRENGTH]战斗力。');


INSERT OR REPLACE INTO Language_en_US
		(Tag, Text)
VALUES	('TXT_KEY_PROMOTION_SPUE_COMBAT_1',		'+1%[ICON_STRENGTH]Combat Strength'),
		('TXT_KEY_PROMOTION_SPUE_COMBAT_2',		'+2%[ICON_STRENGTH]Combat Strength'),
		('TXT_KEY_PROMOTION_SPUE_COMBAT_4',		'+4%[ICON_STRENGTH]Combat Strength'),
		('TXT_KEY_PROMOTION_SPUE_COMBAT_8',		'+8%[ICON_STRENGTH]Combat Strength'),
		('TXT_KEY_PROMOTION_SPUE_COMBAT_16',	'+16%[ICON_STRENGTH]Combat Strength'),
		('TXT_KEY_PROMOTION_SPUE_COMBAT_32',	'+32%[ICON_STRENGTH]Combat Strength'),
		('TXT_KEY_PROMOTION_SPUE_COMBAT_64',	'+64%[ICON_STRENGTH]Combat Strength'),
		('TXT_KEY_PROMOTION_SPUE_COMBAT_128',	'+128%[ICON_STRENGTH]Combat Strength'),
		('TXT_KEY_PROMOTION_SPUE_COMBAT_256',	'+256%[ICON_STRENGTH]Combat Strength'),
		('TXT_KEY_PROMOTION_SPUE_COMBAT_512',	'+512%[ICON_STRENGTH]Combat Strength'),
		('TXT_KEY_PROMOTION_SPUE_COMBAT_1024',	'+1024%[ICON_STRENGTH]Combat Strength'),
		('TXT_KEY_PROMOTION_SPUE_COMBAT_2048',	'+2048%[ICON_STRENGTH]Combat Strength'),
		('TXT_KEY_PROMOTION_SPUE_COMBAT_4096',	'+4096%[ICON_STRENGTH]Combat Strength'),
		('TXT_KEY_PROMOTION_SPUE_COMBAT_8192',	'+8192%[ICON_STRENGTH]Combat Strength');

INSERT OR REPLACE INTO Language_en_US
		(Tag, Text)
VALUES	('TXT_KEY_PROMOTION_SPUE_COMBAT_1_HELP',	'+1%[ICON_STRENGTH]Combat Strength.'),
		('TXT_KEY_PROMOTION_SPUE_COMBAT_2_HELP',	'+2%[ICON_STRENGTH]Combat Strength.'),
		('TXT_KEY_PROMOTION_SPUE_COMBAT_4_HELP',	'+4%[ICON_STRENGTH]Combat Strength.'),
		('TXT_KEY_PROMOTION_SPUE_COMBAT_8_HELP',	'+8%[ICON_STRENGTH]Combat Strength.'),
		('TXT_KEY_PROMOTION_SPUE_COMBAT_16_HELP',	'+16%[ICON_STRENGTH]Combat Strength.'),
		('TXT_KEY_PROMOTION_SPUE_COMBAT_32_HELP',	'+32%[ICON_STRENGTH]Combat Strength.'),
		('TXT_KEY_PROMOTION_SPUE_COMBAT_64_HELP',	'+64%[ICON_STRENGTH]Combat Strength'),
		('TXT_KEY_PROMOTION_SPUE_COMBAT_128_HELP',	'+128%[ICON_STRENGTH]Combat Strength.'),
		('TXT_KEY_PROMOTION_SPUE_COMBAT_256_HELP',	'+256%[ICON_STRENGTH]Combat Strength.'),
		('TXT_KEY_PROMOTION_SPUE_COMBAT_512_HELP',	'+512%[ICON_STRENGTH]Combat Strength.'),
		('TXT_KEY_PROMOTION_SPUE_COMBAT_1024_HELP',	'+1024%[ICON_STRENGTH]Combat Strength.'),
		('TXT_KEY_PROMOTION_SPUE_COMBAT_2048_HELP',	'+2048%[ICON_STRENGTH]Combat Strength.'),
		('TXT_KEY_PROMOTION_SPUE_COMBAT_4096_HELP',	'+4096%[ICON_STRENGTH]Combat Strength.'),
		('TXT_KEY_PROMOTION_SPUE_COMBAT_8192_HELP',	'+8192%[ICON_STRENGTH]Combat Strength.');


